"Our goals can only be reached through a vehicle of a plan, in which we must fervently believe, and upon which we must vigorously act. There is no other route to success.",https://www.brainyquote.com/quotes/pablo_picasso_120939
"Painting is a blind man's profession. He paints not what he sees, but what he feels, what he tells himself about what he has seen.",https://www.brainyquote.com/quotes/pablo_picasso_400595
"Who sees the human face correctly: the photographer, the mirror, or the painter?",https://www.brainyquote.com/quotes/pablo_picasso_384976
The purpose of art is washing the dust of daily life off our souls.,https://www.brainyquote.com/quotes/pablo_picasso_102627
Everything you can imagine is real.,https://www.brainyquote.com/quotes/pablo_picasso_107497
It takes a long time to become young.,https://www.brainyquote.com/quotes/pablo_picasso_103938
Every positive value has its price in negative terms... the genius of Einstein leads to Hiroshima.,https://www.brainyquote.com/quotes/pablo_picasso_138743
There is no abstract art. You must always start with something. Afterward you can remove all traces of reality.,https://www.brainyquote.com/quotes/pablo_picasso_387546
"I am always doing that which I cannot do, in order that I may learn how to do it.",https://www.brainyquote.com/quotes/pablo_picasso_107571
"Some painters transform the sun into a yellow spot, others transform a yellow spot into the sun.",https://www.brainyquote.com/quotes/pablo_picasso_100865
"The artist is a receptacle for emotions that come from all over the place: from the sky, from the earth, from a scrap of paper, from a passing shape, from a spider's web.",https://www.brainyquote.com/quotes/pablo_picasso_100864
"My mother said to me, 'If you are a soldier, you will become a general. If you are a monk, you will become the Pope.' Instead, I was a painter, and became Picasso.",https://www.brainyquote.com/quotes/pablo_picasso_128290
Art washes away from the soul the dust of everyday life.,https://www.brainyquote.com/quotes/pablo_picasso_162882
"Colors, like features, follow the changes of the emotions.",https://www.brainyquote.com/quotes/pablo_picasso_138525
Love is the greatest refreshment in life.,https://www.brainyquote.com/quotes/pablo_picasso_380468
"God is really only another artist. He invented the giraffe, the elephant and the cat. He has no real style, He just goes on trying other things.",https://www.brainyquote.com/quotes/pablo_picasso_162054
I don't believe in accidents. There are only encounters in history. There are no accidents.,https://www.brainyquote.com/quotes/pablo_picasso_120306
"When I was a child, my mother said to me, 'If you become a soldier, you'll be a general. If you become a monk, you'll end up as the Pope.' Instead, I became a painter and wound up as Picasso.",https://www.brainyquote.com/quotes/pablo_picasso_570297
Everything is a miracle. It is a miracle that one does not dissolve in one's bath like a lump of sugar.,https://www.brainyquote.com/quotes/pablo_picasso_403267
"Inspiration exists, but it has to find us working.",https://www.brainyquote.com/quotes/pablo_picasso_378943
Computers are useless. They can only give you answers.,https://www.brainyquote.com/quotes/pablo_picasso_102018
All children are artists. The problem is how to remain an artist once he grows up.,https://www.brainyquote.com/quotes/pablo_picasso_169744
Youth has no age.,https://www.brainyquote.com/quotes/pablo_picasso_138408
"When you start with a portrait and search for a pure form, a clear volume, through successive eliminations, you arrive inevitably at the egg. Likewise, starting with the egg and following the same process in reverse, one finishes with the portrait.",https://www.brainyquote.com/quotes/pablo_picasso_159929
Art is not the application of a canon of beauty but what the instinct and the brain can conceive beyond any canon. When we love a woman we don't start measuring her limbs.,https://www.brainyquote.com/quotes/pablo_picasso_159918
Only put off until tomorrow what you are willing to die having left undone.,https://www.brainyquote.com/quotes/pablo_picasso_120938
